測定局コード,住所,都道府県
1101010,札幌市中央区北１西２,北海道
1101020,札幌市中央区南２３西１３,北海道
1101520,札幌市中央区北１西２,北海道
1101540,札幌市中央区南１４条西１０丁目,北海道
1102010,札幌市北区篠路４－９,北海道
1102020,札幌市北区北19条西12丁目,北海道
1102510,札幌市北区北１９西２,北海道
1103520,札幌市東区北３３東１８,北海道
1104030,札幌市白石区菊水元町８－３,北海道
1105010,札幌市豊平区月寒東４－１８,北海道
1105520,札幌市豊平区月寒中央通７丁目,北海道
1107020,札幌市西区発寒５－７,北海道
1107030,札幌市手稲区前田２－１２,北海道
1108010,札幌市厚別区厚別中央４－３,北海道
1110010,札幌市清田区平岡1条1丁目2,北海道
1202080,函館市北美原１－９－１６,北海道
1202100,函館市新川町30-26,北海道
1202120,函館市深堀町２８－１,北海道
1202560,函館市美原３－３０－３,北海道
1203090,小樽市見晴町3-26,北海道
1203100,小樽市勝納町10-1,北海道
1203110,小樽市塩谷2-10-5,北海道
1203520,小樽市稲穂2-22-8,北海道
1204010,旭川市６条通９丁目,北海道
1204011,旭川市６条通９丁目,北海道
1204050,旭川市錦町２１丁目,北海道
1204150,旭川市東光１６条７丁目,北海道
1204160,旭川市永山３条１９丁目,北海道
1205020,室蘭市御前水町2－2,北海道
1205060,室蘭市白鳥台5－35,北海道
1205310,室蘭市輪西町3－2－33,北海道
1205320,室蘭市寿町1－9,北海道
1205540,室蘭市東町4－29,北海道
1206280,釧路市大楽毛西2-32,北海道
1206290,釧路市昭和中央3丁目12番2号,北海道
1207090,帯広市西５条南７丁目１番地,北海道
1208510,北見市常磐町2-1-8,北海道
1213020,苫小牧市双葉町３－２３,北海道
1213050,苫小牧市明野新町３－２,北海道
1213070,苫小牧市字勇払２７－２３,北海道
1213220,苫小牧市沼ノ端中央５－４,北海道
1213510,苫小牧市しらかば町5丁目21番地,北海道
1213610,苫小牧市旭町4-5-6,北海道
1224010,千歳市日の出２－２０５５－１,北海道
1224020,千歳市富丘４－１３,北海道
1224050,千歳市駒里２２３１－２,北海道
1224060,千歳市若草４－１３,北海道
1226010,砂川市焼山60-2,北海道
1302010,石狩市樽川500-33,北海道
1424010,空知郡奈井江町字奈井江147, 北海道
1518950,利尻郡利尻町仙法志神磯193, 北海道
1578010,白老郡白老町大町１－６, 北海道
1578030,白老郡白老町字北吉原８６, 北海道
1579020,勇払郡安平町遠浅７５１－１, 北海道
1579030,勇払郡安平町早来北町１２－２, 北海道
1581010,勇払郡厚真町新町１２７－１０, 北海道
1581020,勇払郡厚真町字上厚真１８－１, 北海道
1582020,勇払郡むかわ町田浦２０９－１, 北海道
1582030,勇払郡むかわ町福住２丁目１８０番地, 北海道
2201070,青森市松原２－４－４, 青森県
2201080,青森市金沢１－６－１, 青森県
2201090,青森市新城平岡１４１－１, 青森県
2201520,青森市橋本１丁目９－１７, 青森県
2202060,弘前市和徳町３６３－１３, 青森県
2202510,弘前市中野１－１－１, 青森県
2203050,八戸市河原木根岸１－２, 青森県
2203220,八戸市市川町尻引前山３１－２, 青森県
2203240,八戸市売市小待１５０, 青森県
2203260,八戸市大字湊町字舘鼻６７, 青森県
2203510,八戸市六日町１０, 青森県
2204010,黒石市ぐみの木３－６５, 青森県
2205010,五所川原市広田藤浦１０５－１, 青森県
2206030,十和田市西十三番町５－２４, 青森県
2207020,三沢市岡三沢七丁目１６－１, 青森県
2208030,むつ市金曲一丁目５－１０, 青森県
2307950,東津軽郡外ヶ浜町三厩宇鉄山国有林84林班り2小班, 青森県
2321010,西津軽郡鰺ヶ沢町大字舞戸町字鳴戸３８４－３７, 青森県
2364510,青森市浪岡大字大釈迦前田５－２, 青森県
2411010,上北郡六ヶ所村大字尾駮字野附４８３, 青森県
3201070,盛岡市津志田１４－３７－２, 岩手県
3201550,盛岡市上田４－１－１, 岩手県
3202050,宮古市横町 ５－１, 岩手県
3203090,大船渡市猪川町字前田 ６－１, 岩手県
3204010,奥州市水沢区大手町５－５, 岩手県
3205010,花巻市花城町１－４１, 岩手県
3206010,北上市芳町２－８, 岩手県
3207010,久慈市八日町１－１, 岩手県
3209010,一関市竹山町７－５, 岩手県
3209510,一関市山目字三反田１５２－１, 岩手県
3211070,釜石市釜石市新町６－５０, 岩手県
3213020,二戸市石切所字荷渡６－３, 岩手県
3215010,奥州市江刺区大通り ７－１３, 岩手県
3305010,岩手郡滝沢村滝沢字巣子７３３－４, 岩手県
3321010,紫波郡紫波町日詰字東裏 ８５－１, 岩手県
4101010,仙台市青葉区下愛子字二本松４０, 宮城県
4101020,仙台市青葉区下愛子字観音堂5, 宮城県
4101510,仙台市青葉区北根一丁目１１, 宮城県
4104010,仙台市太白区秋保町長袋大原４５?１, 宮城県
4105520,仙台市泉区長命ケ丘２－２２, 宮城県
4105530,仙台市泉区将監４－４, 宮城県
4201020,仙台市宮城野区岩切字三所南８８－１, 宮城県
4201030,仙台市宮城野区鶴ヶ谷３－１７－１, 宮城県
4201050,仙台市太白区郡山６－５－１, 宮城県
4201060,仙台市青葉区中山６－１６－１, 宮城県
4201070,仙台市宮城野区白鳥1-32-1, 宮城県
4201080,仙台市若林区荒井字堀添５３－２, 宮城県
4201210,仙台市宮城野区福室５－１６－１, 宮城県
4201220,仙台市太白区山田北前町３６－１, 宮城県
4201230,仙台市宮城野区五輪１－２－３, 宮城県
4201540,仙台市宮城野区原町３ー７, 宮城県
4201550,仙台市青葉区木町通１－７－３６, 宮城県
4201560,仙台市若林区清水小路３－１, 宮城県
4202060,石巻市石巻市門脇一番谷地51-10, 宮城県
4203010,塩竃市旭町1-1, 宮城県
4203510,塩竃市中の島１－９, 宮城県
4204020,大崎市古川旭４－１－１, 宮城県
4204510,大崎市李埣３－１－３, 宮城県
4205020,気仙沼市笹ヶ陣３－１, 宮城県
4206010,白石市南町１－２－７９, 宮城県
4207510,名取市増田５－１８－３２, 宮城県
4210010,仙台市泉区七北田字東裏９０, 宮城県
4211010,岩沼市中央３丁目１－１３, 宮城県
4323010,柴田郡柴田町船岡中央２－３－４５, 宮城県
4341010,伊具郡丸森町大内字南平１９３－６, 宮城県
4362010,亘理郡山元町高瀬字合戦原１００－１, 宮城県
4401010,宮城郡松島町高城字迎山３－５, 宮城県
4406010,宮城郡利府町中央2-４, 宮城県
4421010,黒川郡大和町吉岡字町裏３２, 宮城県
4501010,遠田郡涌谷町小塚字桜清水二1-5, 宮城県
4521010,栗原市築館藤木５－１, 宮城県
4541010,登米市迫町佐沼字北散田１４７, 宮城県
4562020,東松島市矢本字町裏１５４, 宮城県
5201010,秋田市土崎港北二丁目１８番１８号, 秋田県
5201030,秋田市茨島１－４－７１, 秋田県
5201040,秋田市仁井田本町四丁目５番２０号, 秋田県
5201060,秋田市上新城五十丁字大村屋敷２２, 秋田県
5201080,秋田市土崎港西五丁目３番１号, 秋田県
5201120,秋田市山王１－１－１, 秋田県
5201130,秋田市新屋扇町１３番３４号, 秋田県
5201340,秋田市飯島字堀川８４－１３０, 秋田県
5201370,秋田市広面字樋ノ上２８－３, 秋田県
5201530,秋田市茨島１－４－７１, 秋田県
5202020,能代市盤若町３－１, 秋田県
5202040,能代市檜山字赤館４２－１, 秋田県
5203020,横手市旭川１－３－４６, 秋田県
5204020,大館市金坂後６, 秋田県
5205010,由利本荘市桜小路１, 秋田県
5206060,男鹿市船川港船川字泉台３－２, 秋田県
5208010,大仙市大曲上栄町１３－６２, 秋田県
6201090,山形市銅町２－１０－８, 山形県
6201110,山形市成沢西１－３－３, 山形県
6201510,山形市下山家８１－５, 山形県
6202010,米沢市金池２－９, 山形県
6203010,鶴岡市錦町6-60, 山形県
6204050,酒田市若浜町１－４０, 山形県
6205010,新庄市下田町８－１, 山形県
6206010,寒河江市西根字石川西３５５, 山形県
6208010,村山市楯岡笛田3-2-1, 山形県
6209010,長井市高野町２－３－１, 山形県
6422010,東田川郡庄内町大字余目字猿田８７, 山形県
7201180,福島市古川44-2, 福島県
7201190,福島市郷野目字向町17-2, 福島県
7201200,福島市森合字中谷地4-4, 福島県
7201510,福島市松浪町3-46, 福島県
7202070,会津若松市西栄町４－６１, 福島県
7203130,郡山市芳賀２丁目６番１号, 福島県
7203140,郡山市堤下町４ノ４, 福島県
7203150,郡山市日和田町日向６０, 福島県
7203180,郡山市安積３－３７, 福島県
7203520,郡山市台新１－８０４, 福島県
7204020,いわき市錦町重殿１５, 福島県
7204030,いわき市錦町鬼越下６４, 福島県
7204070,いわき市泉町下川字宿ノ川１９, 福島県
7204090,いわき市泉町滝尻字高見坪１, 福島県
7204110,いわき市小名浜大原字六反田２２, 福島県
7204160,いわき市小名浜字中原５－１, 福島県
7204170,いわき市金山町朝日台１, 福島県
7204210,いわき市平字揚土５, 福島県
7204510,いわき市平字正内町２２, 福島県
7204720,いわき市中央台鹿島１丁目55, 福島県
7204730,いわき市常磐湯本町栄田11, 福島県
7204740,いわき市四倉町狐塚字松橋20, 福島県
7205050,白河市寺小路28, 福島県
7206050,南相馬市仲町２丁目１６５, 福島県
7207010,須賀川市大町１０８－１, 福島県
7208090,喜多方市字桜が丘１－１２９－１, 福島県
7209080,相馬市中村字高池前４３, 福島県
7210010,二本松市金色424-1, 福島県
7368010,南会津郡南会津町田島字天道沢甲２５４２－７, 福島県
7466010,西白河郡矢吹町一本木101, 福島県
7481010,東白川郡棚倉町大字棚倉字舘ヶ丘７３－４, 福島県
7541010,双葉郡広野町大字下北迫字岩作６７－１, 福島県
7542010,双葉郡楢葉町大字下小塙字麦入３１, 福島県
7543010,双葉郡富岡町字夜の森南４丁目４２, 福島県
7546010,双葉郡双葉町大字新山字清戸迫１, 福島県
7561020,相馬郡新地町谷地小屋字愛宕３７－２, 福島県
7563010,南相馬市東町２丁目７８, 福島県
8201030,水戸市石川一丁目４０４３－８, 茨城県
8201040,水戸市元石川町２２９７－１, 茨城県
8201510,水戸市大工町１－６, 茨城県
8202020,日立市宮田町１－４４－１, 茨城県
8202050,日立市末広町１－２, 茨城県
8202200,日立市下土木内町６１７, 茨城県
8203010,土浦市下高津２－７－４６, 茨城県
8203520,土浦市中村南１丁目１４１３番地－１, 茨城県
8204010,古河市北町６－２２, 茨城県
8205020,石岡市杉並２－１－２, 茨城県
8206020,筑西市二木成615, 茨城県
8208010,龍ケ崎市光順田２９８３－１, 茨城県
8210010,下妻市下妻乙２０９, 茨城県
8211010,常総市水海道森下町４４７４－２, 茨城県
8212010,常陸太田市稲木町６６０, 茨城県
8213010,ひたちなか市東石川２－１０－１, 茨城県
8214010,高萩市本町２－３７, 茨城県
8215010,北茨城市中郷町上桜井５３－５, 茨城県
8216010,笠間市石井７１７, 茨城県
8217010,取手市大字寺田５１３９, 茨城県
8220010,つくば市高野１１９７－２０, 茨城県
8221010,ひたちなか市市毛８２３－１, 茨城県
8302010,東茨城郡茨城町大戸１７３７, 茨城県
8341010,那珂郡東海村照沼１１４５, 茨城県
8342010,那珂市菅谷８９１－２, 茨城県
8344010,常陸大宮市野中町３０８３, 茨城県
8402010,鉾田市大字鉾田１３６７－３, 茨城県
8405010,鹿嶋市城山２－２－１９, 茨城県
8405020,鹿嶋市大字港ヶ丘２丁目１１５０－４１, 茨城県
8406010,神栖市大字下幡木４１３０, 茨城県
8406030,神栖市大野原４－７, 茨城県
8406050,神栖市大字溝口字甲の池４９９１－５, 茨城県
8406060,神栖市大字知手１００－３, 茨城県
8406080,神栖市大字横瀬８６６－１, 茨城県
8407010,神栖市大字須田２３４０－１, 茨城県
8423040,潮来市大字大洲１４４６－１, 茨城県
8441010,稲敷市江戸崎字大宿甲３２１３, 茨城県
8541010,古河市下大野谷地川２４５６, 茨城県
8561510,守谷市大柏９３７－２, 茨城県
9201060,宇都宮市雀宮７丁目２８番１６号, 栃木県
9201070,宇都宮市下桑島町４６５, 栃木県
9201080,宇都宮市細谷１丁目４番３８号, 栃木県
9201100,宇都宮市泉が丘７－１２－１４, 栃木県
9201110,宇都宮市上篭谷町１１４５, 栃木県
9201120,宇都宮市中央１－１－１３, 栃木県
9201570,宇都宮市馬場通り１－１－１１, 栃木県
9201580,宇都宮市平出町１２６０, 栃木県
9202010,足利市本城３－２１４５, 栃木県
9203010,栃木市入舟町７－２６, 栃木県
9203030,栃木市藤岡町藤岡810, 栃木県
9203520,栃木市平柳町２丁目, 栃木県
9204020,佐野市堀米町607, 栃木県
9205010,鹿沼市今宮町１６８８－１, 栃木県
9207010,日光市今市５３１, 栃木県
9208010,小山市横倉新田97, 栃木県
9208520,小山市大字小袋３５３－１, 栃木県
9209010,真岡市荒町５１９１, 栃木県
9211010,矢板市本町５－４, 栃木県
9211510,矢板市片岡字沢橋２１６６－３９, 栃木県
9212010,那須塩原市黒磯幸町８－１０, 栃木県
9216010,下野市田中６８１－１, 栃木県
9301010,河内郡上三川町しらさぎ１－１, 栃木県
9301510,河内郡上三川町しらさぎ２－１－１１, 栃木県
9304010,宇都宮市下岡本町２１４５番地１４, 栃木県
9364010,下都賀郡野木町丸林６２９, 栃木県
9383010,日光市鬼怒川温泉大原1406-1, 栃木県
9402010,那須烏山市中央１－６－９２, 栃木県
10201060,前橋市六供町５００－２８ほか, 群馬県
10201070,前橋市上泉町１７８, 群馬県
10201510,前橋市元総社町３３５元総社第二団地先国道１７号, 群馬県
10202010,高崎市並榎町１１７－２０, 群馬県
10203010,桐生市仲町２－４－２１, 群馬県
10203510,桐生市広沢町６－４１１－２, 群馬県
10204030,伊勢崎市上泉町３１０, 群馬県
10204510,伊勢崎市茂呂町２－２１６９－１, 群馬県
10205010,太田市飯田町１１６６, 群馬県
10205510,太田市飯塚町１６８４, 群馬県
10206010,沼田市西倉内町７４６, 群馬県
10207010,館林市仲町１４－１, 群馬県
10207510,館林市小桑原町９４９（地上）, 群馬県
10208010,渋川市渋川４２６－１, 群馬県
10208510,渋川市渋川１４１３－６, 群馬県
10210010,富岡市富岡１３５９, 群馬県
10211010,安中市野殿１０２６－４, 群馬県
10211040,安中市岩井６１７－１, 群馬県
10211060,安中市安中３－１０－４３, 群馬県
10211510,安中市中宿７８３－１, 群馬県
10423010,吾妻郡東吾妻町原町５２３０, 群馬県
10425010,吾妻郡嬬恋村大笹１, 群馬県
10449010,利根郡みなかみ町上牧１７３５, 群馬県
10464010,佐波郡玉村町上之手１８４６－１, 群馬県
11110010,さいたま市岩槻区大字笹久保577, 埼玉県
11110510,さいたま市岩槻区大字岩槻３７５０, 埼玉県
11201030,川越市砂新田１－１５, 埼玉県
11201040,川越市宮下町２－７－４, 埼玉県
11201050,川越市伊勢原町５－４－５, 埼玉県
11201510,川越市仙波町４－１８－１５, 埼玉県
11202040,熊谷市宮町２－４７－１, 埼玉県
11202510,熊谷市肥塚５９６－１, 埼玉県
11203030,川口市宮町１６－１, 埼玉県
11203040,川口市川口市東領家2-27-1, 埼玉県
11203050,川口市東本郷１３０１－１, 埼玉県
11203060,川口市芝樋ノ爪２－９, 埼玉県
11203510,川口市安行慈林３５６, 埼玉県
11203530,川口市神戸４６１, 埼玉県
11204010,さいたま市浦和区常盤６－４－４, 埼玉県
11204040,さいたま市南区根岸2-20-13, 埼玉県
11204520,さいたま市南区曲本1-21-1, 埼玉県
11204530,さいたま市南区辻8-27-25, 埼玉県
11205020,さいたま市北区宮原町4-129, 埼玉県
11205030,さいたま市見沼区小深作268-19, 埼玉県
11205040,さいたま市西区指扇4226, 埼玉県
11205050,さいたま市見沼区御蔵551, 埼玉県
11205120,さいたま市大宮区大門町３－３, 埼玉県
11205530,さいたま市西区三橋5-190, 埼玉県
11205540,さいたま市見沼区東大宮1-100-1, 埼玉県
11206020,行田市長野２－３－１７, 埼玉県
11207010,秩父市日野田町１－１－４４, 埼玉県
11208060,所沢市東所沢３－２２－８, 埼玉県
11208070,所沢市小手指南1-25-15, 埼玉県
11208090,所沢市中富１６１４－２, 埼玉県
11208520,所沢市並木1-13, 埼玉県
11208530,所沢市和ヶ原1-175-7, 埼玉県
11209010,飯能市双柳75, 埼玉県
11210010,加須市北小浜１０６０－１, 埼玉県
11211010,本庄市日の出4-2-45, 埼玉県
11212020,東松山市五領町８番地, 埼玉県
11212520,東松山市松山１７２１－１, 埼玉県
11213010,さいたま市岩槻区本町６－１８９－２, 埼玉県
11214030,春日部市谷原１－３, 埼玉県
11214510,春日部市増戸７２３－１, 埼玉県
11215010,狭山市堀兼３６１, 埼玉県
11216010,羽生市東9-1-1, 埼玉県
11217010,鴻巣市中央１－１, 埼玉県
11217510,鴻巣市天神１丁目１－７２, 埼玉県
11218010,深谷市上野台５０８, 埼玉県
11218510,深谷市原郷８０, 埼玉県
11219020,上尾市浅間台３－３５, 埼玉県
11221050,草加市西町４２５－２, 埼玉県
11221510,草加市花栗4-15-12, 埼玉県
11221520,草加市原町２－７－１, 埼玉県
11222020,越谷市東越谷３－１４, 埼玉県
11222030,越谷市千間台西4-2, 埼玉県
11224010,戸田市新曽1093, 埼玉県
11224510,戸田市美女木５－２－１６, 埼玉県
11225010,入間市豊岡4-2-1, 埼玉県
11225510,入間市高倉５－４９１, 埼玉県
11229010,和光市諏訪３－２０, 埼玉県
11229510,和光市新倉１－３１－１０, 埼玉県
11230070,新座市本多１－４, 埼玉県
11232010,久喜市江面８５, 埼玉県
11232510,久喜市本町７－９１３－１, 埼玉県
11234010,八潮市中央１－２－１, 埼玉県
11235010,富士見市鶴馬１８００－１, 埼玉県
11235510,富士見市下南畑2486-4, 埼玉県
11237020,三郷市三郷３－２－１, 埼玉県
11238010,蓮田市蓮田５－３０, 埼玉県
11239010,坂戸市芦山町１１, 埼玉県
11240010,幸手市幸手２２６２, 埼玉県
11241510,鶴ヶ島市太田ヶ谷６１７－１８, 埼玉県
11326010,入間郡毛呂山町目白台2-31-1, 埼玉県
11329010,日高市中鹿山８１, 埼玉県
11343010,比企郡小川町大塚１１０５, 埼玉県
11344010,秩父郡東秩父村白石６０１-２, 埼玉県
11346510,比企郡川島町かわじま２－１９, 埼玉県
11362010,秩父郡皆野町皆野1420-1, 埼玉県
11382010,本庄市児玉町児玉１３５５－１, 埼玉県
11403010,熊谷市妻沼東１－１, 埼玉県
11408010,大里郡寄居町寄居２０６, 埼玉県
11408510,大里郡寄居町桜沢２３４－３, 埼玉県
11421010,加須市上種足９１４, 埼玉県
11442010,南埼玉郡宮代町学園台4-1, 埼玉県
12105010,千葉市緑区おゆみ野中央４－３, 千葉県
12201010,千葉市花見川区花見川４－１, 千葉県
12201020,千葉市花見川区検見川町３－３２２－２３, 千葉県
12201040,千葉市稲毛区山王町１２１, 千葉県
12201050,千葉市稲毛区宮野木町９９６－９, 千葉県
12201070,千葉市若葉区大宮台７－８－１, 千葉県
12201090,千葉市若葉区千城台北１－４－１, 千葉県
12201120,千葉市中央区寒川町１－２０５, 千葉県
12201160,千葉市中央区今井１－１３－２４, 千葉県
12201180,千葉市中央区蘇我２－３－１８, 千葉県
12201200,千葉市中央区千葉港１－１, 千葉県
12201250,千葉市中央区都町２－１４, 千葉県
12201260,千葉市緑区大椎町１２５１－３１６, 千葉県
12201300,千葉市稲毛区千草台２－１３５９－１, 千葉県
12201320,千葉市美浜区真砂１－１１, 千葉県
12201520,千葉市中央区中央２－１－１, 千葉県
12201540,千葉市花見川区宮野木台４－５２１－１, 千葉県
12201570,千葉市美浜区真砂５－１, 千葉県
12202090,銚子市栄町２－２－１, 千葉県
12203040,市川市二俣６７８, 千葉県
12203080,市川市大野２－１８７７, 千葉県
12203110,市川市八幡３－２４－１, 千葉県
12203120,市川市湊新田2-4, 千葉県
12203510,市川市市川２－３３－６, 千葉県
12203520,市川市末広１－１－４８, 千葉県
12203550,市川市稲荷木２丁目４番 稲荷木２丁目公園内, 千葉県
12204040,船橋市丸山５－２５－１, 千葉県
12204050,船橋市高根町２８９５, 千葉県
12204060,船橋市高根台５－２－１, 千葉県
12204070,船橋市前原西２－２８－１, 千葉県
12204100,船橋市金堀町５２２－１, 千葉県
12204110,船橋市印内１－２－１, 千葉県
12204140,船橋市若松３－２－３, 千葉県
12204150,船橋市南本町１０－１, 千葉県
12204520,船橋市海神町３－３９９－１, 千葉県
12204530,船橋市日の出１－１６, 千葉県
12205030,館山市亀ケ原７５４, 千葉県
12206010,木更津市中央１－１０－１, 千葉県
12206030,木更津市畔戸１５２５番地, 千葉県
12206080,木更津市畑沢南２－１６－１, 千葉県
12206140,木更津市真里谷５２４－３, 千葉県
12206520,木更津市請西２－１－２４, 千葉県
12206530,木更津市牛袋５９１－２, 千葉県
12207010,松戸市根本３８７－５, 千葉県
12207020,松戸市五香西２－４０－１０, 千葉県
12207030,松戸市二ツ木４０－１, 千葉県
12207520,松戸市上本郷２２３４－５, 千葉県
12208010,野田市野田７９４－１, 千葉県
12208510,野田市宮崎新田１３７－１, 千葉県
12209010,香取市大倉２１４７－３, 千葉県
12210010,茂原市高師１２４７－６, 千葉県
12211040,成田市加良部５－１１, 千葉県
12211510,成田市花崎町７８９－４, 千葉県
12212040,佐倉市江原新田５４－１, 千葉県
12212520,佐倉市山王２－３７－４, 千葉県
12213010,東金市堀上１１１, 千葉県
12214010,匝瑳市椿９６９－１, 千葉県
12216010,習志野市鷺沼台１－５９１－１, 千葉県
12217020,柏市永楽台２－８－１, 千葉県
12217030,柏市大室１２５６, 千葉県
12217510,柏市旭町３－８３１－３５, 千葉県
12217520,柏市西原２－１１－２５, 千葉県
12218020,勝浦市植野７２, 千葉県
12219010,市原市八幡８３１－２, 千葉県
12219030,市原市五井５５００－１, 千葉県
12219060,市原市姉崎１８５０, 千葉県
12219090,市原市廿五里５５８, 千葉県
12219110,市原市潤井戸２２９９－１４, 千葉県
12219120,市原市辰巳台西５－１０, 千葉県
12219140,市原市有秋台西２－３, 千葉県
12219180,市原市松崎８２０, 千葉県
12219190,市原市岩崎西１－８－８, 千葉県
12219200,市原市北国分寺台３－５－１, 千葉県
12219380,市原市平野１２３, 千葉県
12219390,市原市奉免１６６－１, 千葉県
12219520,市原市五井1661, 千葉県
12220010,流山市平和台１－３－１４, 千葉県
12221020,八千代市高津４２１－３, 千葉県
12221510,八千代市村上３１０３, 千葉県
12222010,我孫子市湖北台４－３－１, 千葉県
12224040,鎌ケ谷市軽井沢２０６０－３２, 千葉県
12224510,鎌ケ谷市初富９２４－６, 千葉県
12225010,君津市久保２－１１, 千葉県
12225080,君津市人見１１５４, 千葉県
12225090,君津市俵田１１１０, 千葉県
12225120,君津市糠田５５, 千葉県
12226010,富津市下飯野１１３５, 千葉県
12227510,浦安市美浜４－６, 千葉県
12228010,四街道市鹿渡８０９－２, 千葉県
12230010,八街市八街ほ２０８－１０６, 千葉県
12301020,浦安市猫実１－２－７, 千葉県
12303010,野田市桐ケ作４１５－１, 千葉県
12305510,柏市大津ヶ丘２－１, 千葉県
12326010,白井市七次台３－２２, 千葉県
12327010,印西市高花１－３, 千葉県
12329010,印旛郡栄町安食台４－３４－１, 千葉県
12343010,成田市奈土1044, 千葉県
12344020,香取市羽根川５５－５, 千葉県
12345020,香取市府馬３４２９－４, 千葉県
12408010,山武郡横芝光町横芝１７２９－５, 千葉県
12409010,山武郡芝山町山田１０６５, 千葉県
12421020,長生郡一宮町東浪見１５１６－２, 千葉県
12463010,安房郡鋸南町下佐久間３４５８, 千葉県
12481010,袖ケ浦市坂戸市場４４, 千葉県
12481040,袖ケ浦市代宿３０５, 千葉県
12481050,袖ケ浦市三ッ作７４１, 千葉県
12481080,袖ケ浦市横田５００, 千葉県
12481160,袖ケ浦市長浦駅前６－１－４, 千葉県
12481510,袖ケ浦市福王台４－１０－４, 千葉県
12481520,袖ケ浦市大曽根字亀井戸１９７８, 千葉県
13101010,千代田区神田司町２丁目２番地, 東京都
13101510,千代田区日比谷公園, 東京都
13101520,千代田区霞が関１－２－２, 東京都
13102010,中央区晴海三丁目６番１号, 東京都
13102510,中央区新川一丁目３番１号, 東京都
13103010,港区高輪一丁目6番, 東京都
13103510,港区高輪２－２０, 東京都
13104010,新宿区内藤町１１, 東京都
13104540,新宿区内藤町１１, 東京都
13104550,新宿区下落合二丁目２番地先, 東京都
13105010,文京区本駒込四丁目35番15号, 東京都
13105530,文京区大塚３－５－１, 東京都
13106520,台東区三ノ輪２－５地先, 東京都
13107520,墨田区東向島１－３４, 東京都
13108010,江東区大島３－１－３, 東京都
13108020,港区台場１－３－１, 東京都
13108520,江東区亀戸７－４２, 東京都
13108530,江東区辰巳一丁目９番地先, 東京都
13109010,品川区豊町２－１－２０, 東京都
13109030,品川区八潮５－１１－１７, 東京都
13109510,品川区北品川３－１１－２２, 東京都
13109520,品川区西五反田７－２５－１, 東京都
13110010,目黒区碑文谷４－１９－２５, 東京都
13110510,目黒区青葉台３－６, 東京都
13110530,目黒区柿の木坂１－１－４, 東京都
13111010,大田区東糀谷１－２１－１５, 東京都
13111520,大田区中馬込２－１７先, 東京都
13111530,大田区南千束１－３３－１, 東京都
13111540,大田区千鳥３丁目３－３１先, 東京都
13112010,世田谷区世田谷４－２１－２７, 東京都
13112020,世田谷区成城９－２５－１, 東京都
13112510,世田谷区上馬４－１－３, 東京都
13112520,世田谷区粕谷２－１９, 東京都
13113010,渋谷区宇田川町１－１, 東京都
13113510,渋谷区笹塚１－６４－１９, 東京都
13114010,中野区若宮三丁目53番, 東京都
13114510,中野区中央2-18-21, 東京都
13115010,杉並区久我山５－３６－１７, 東京都
13115550,杉並区下井草四丁目３番１号, 東京都
13116530,豊島区西巣鴨２－３９－５, 東京都
13117520,北区王子５丁目２９番, 東京都
13118010,荒川区南千住１－４－１１, 東京都
13119010,板橋区氷川町１３－１, 東京都
13119510,板橋区大和町１４－１２, 東京都
13120010,練馬区北町１－１４－１１, 東京都
13120020,練馬区石神井町５－２４地先, 東京都
13120030,練馬区練馬２－２７－２８, 東京都
13121010,足立区西新井６－２１－３, 東京都
13121020,足立区綾瀬６－２３, 東京都
13121510,足立区中央本町１－１７, 東京都
13122010,葛飾区鎌倉２丁目２１番４号, 東京都
13122020,葛飾区水元公園３－２, 東京都
13122520,葛飾区亀有二丁目７５番１号, 東京都
13123010,江戸川区鹿骨１－１５－１, 東京都
13123020,江戸川区春江町５－３ー３, 東京都
13123030,江戸川区南葛西１－１１－１, 東京都
13201020,八王子市片倉町５５３番地, 東京都
13201040,八王子市館町１０９７－６６, 東京都
13201060,八王子市大楽寺町４１９－１, 東京都
13201510,八王子市八木町８, 東京都
13202010,立川市泉町１１５６－９, 東京都
13203010,武蔵野市関前３－２－２０, 東京都
13203510,武蔵野市関前５－２１, 東京都
13204510,三鷹市下連雀７丁目１５番４号, 東京都
13205010,青梅市東青梅１－１１－１, 東京都
13206010,府中市四谷４－１６－４, 東京都
13208020,調布市深大寺南町４－１６－２３, 東京都
13209010,町田市金森1-22, 東京都
13209020,町田市能ケ谷町１５１２, 東京都
13210010,小金井市東町一丁目7番19号, 東京都
13211010,小平市小川町２－１３２５, 東京都
13212520,日野市落川９４６番地先, 東京都
13213510,東村山市本町１－１０先, 東京都
13215510,国立市谷保６２０８, 東京都
13216010,西東京市南町５－６－１３, 東京都
13217010,西東京市下保谷一丁目４番, 東京都
13217510,西東京市柳沢２－１８先, 東京都
13218010,福生市本町５, 東京都
13219010,狛江市中和泉３－４－１０, 東京都
13220010,東大和市奈良橋４－５７３, 東京都
13221010,清瀬市上清戸２－６－４１, 東京都
13222510,東久留米市中央町６－９－１, 東京都
13224010,多摩市愛宕１－６５－１, 東京都
13303520,西多摩郡瑞穂町長岡１－１０, 東京都
13421950,小笠原村父島旭山地内, 東京都
14101010,横浜市鶴見区本町通４－１７１－２３,神奈川県
14101020,横浜市鶴見区生麦４－１５－１,神奈川県
14101520,横浜市鶴見区下末吉２－２５－６,神奈川県
14102010,横浜市神奈川区広台太田町３－８,神奈川県
14103010,横浜市西区平沼２－１１－３６,神奈川県
14103510,横浜市西区浅間町１－１６,神奈川県
14104020,横浜市中区根岸加曽台１－１,神奈川県
14104030,横浜市中区本牧大里町１５５－１８,神奈川県
14105020,横浜市南区南太田２－３０－１,神奈川県
14106010,横浜市保土ヶ谷区桜ヶ丘２－１５－１,神奈川県
14107010,横浜市磯子区磯子３－５－１,神奈川県
14107520,横浜市磯子区滝頭３－１－６８,神奈川県
14108020,横浜市金沢区富岡東６－１６－１,神奈川県
14109040,横浜市港北区大豆戸町２６－１,神奈川県
14110050,横浜市戸塚区汲沢３－６－１,神奈川県
14110510,横浜市戸塚区戸塚町４２７２,神奈川県
14111020,横浜市港南区野庭町613,神奈川県
14111520,横浜市港南区港南中央通６－１,神奈川県
14112020,横浜市旭区鶴ヶ峰町１－４２,神奈川県
14112510,横浜市旭区都岡町４－８,神奈川県
14113020,横浜市緑区三保町１８６７,神奈川県
14113510,横浜市青葉区しらとり台５,神奈川県
14113520,横浜市都筑区平台２７－１,神奈川県
14114020,横浜市瀬谷区南瀬谷１－１－１,神奈川県
14115010,横浜市栄区犬山町６－１,神奈川県
14116010,横浜市泉区和泉町４６３６－２,神奈川県
14117010,横浜市青葉区市ヶ尾町３１－４,神奈川県
14118010,横浜市都筑区茅ヶ崎中央３２－１,神奈川県
14131020,川崎市川崎区東門前２－１－１,神奈川県
14131030,川崎市川崎区田島町２０－５,神奈川県
14131120,川崎市川崎区東田町5-4,神奈川県
14131530,川崎市川崎区池上町３,神奈川県
14131540,川崎市川崎区日進町２３－１,神奈川県
14131550,川崎市川崎区富士見１－１－６,神奈川県
14132060,川崎市幸区戸手本町１－１１－３,神奈川県
14132510,川崎市幸区遠藤町１,神奈川県
14133010,川崎市中原区小杉町３－２４５,神奈川県
14133520,川崎市中原区木月住吉町３３－１,神奈川県
14134010,川崎市高津区溝口１－６－１０,神奈川県
14134530,川崎市高津区溝口５－１５－７,神奈川県
14135070,川崎市麻生区百合丘２－１０,神奈川県
14135080,川崎市多摩区登戸１３２９,神奈川県
14135530,川崎市麻生区片平２－３０－７,神奈川県
14135540,川崎市多摩区宿河原２－５９－２,神奈川県
14136010,川崎市宮前区宮前平３－１４－１,神奈川県
14136510,川崎市宮前区土橋２－１－１,神奈川県
14153510,相模原市南区古淵３－１１４－１,神奈川県
14201020,横須賀市夏島町９,神奈川県
14201040,横須賀市長坂１－２－２,神奈川県
14201050,横須賀市久里浜６－１４－２,神奈川県
14201080,横須賀市池上４－６－１,神奈川県
14201530,横須賀市小川町3番地,神奈川県
14203030,平塚市田村６－１－１,神奈川県
14203040,平塚市河内３０７,神奈川県
14203050,平塚市龍城ヶ丘５－６２,神奈川県
14203100,平塚市東真土2-12-1,神奈川県
14203510,平塚市天沼２－５,神奈川県
14204010,鎌倉市御成町１８－１０,神奈川県
14204530,鎌倉市岡本１０１８,神奈川県
14205010,藤沢市朝日町１－１,神奈川県
14205030,藤沢市湘南台5-23,神奈川県
14205040,藤沢市打戻１９０２,神奈川県
14205050,藤沢市辻堂新町１－１１－２３,神奈川県
14205510,藤沢市藤沢１－１,神奈川県
14206010,小田原市荻窪３００,神奈川県
14206520,小田原市東町4-12-1,神奈川県
14207010,茅ヶ崎市茅ケ崎１－１－１,神奈川県
14207510,茅ヶ崎市茅ヶ崎１－２３４０－１,神奈川県
14208020,逗子市逗子５－２－１６,神奈川県
14208520,逗子市逗子５－１０－１９,神奈川県
14209010,相模原市中央区中央2丁目11番15号,神奈川県
14209020,相模原市南区桜台20番地1,神奈川県
14209030,相模原市緑区橋本6丁目15番27号,神奈川県
14209040,相模原市中央区田名４９８７－６,神奈川県
14209050,相模原市緑区中野633,神奈川県
14209530,相模原市中央区上溝2322番地2,神奈川県
14210010,三浦市城山町５－１,神奈川県
14211010,秦野市文京町２５８１－１５,神奈川県
14211510,秦野市本町１－１０－１４,神奈川県
14212020,厚木市中町１－８－１１,神奈川県
14212520,厚木市金田１７２,神奈川県
14212530,厚木市水引２－３－１,神奈川県
14213010,大和市下鶴間１－１－１,神奈川県
14213510,大和市深見台４－１,神奈川県
14214020,伊勢原市田中３４８,神奈川県
14214510,伊勢原市大住台１－１－１,神奈川県
14215010,海老名市勝瀬１７５,神奈川県
14216020,座間市緑ヶ丘１－１－１,神奈川県
14217020,南足柄市生駒３３０－１,神奈川県
14218010,綾瀬市早川５５０,神奈川県
14321010,高座郡寒川町宮山１６５,神奈川県
14382010,足柄下郡箱根町宮城野626-11,神奈川県
14401010,愛甲郡愛川町角田１０４－４,神奈川県
15102510,新潟市東区藤見町１丁目２３番５７号,新潟県
15108010,新潟市西蒲区巻甲６３５番地,新潟県
15201060,新潟市東区大山２丁目１１番２号,新潟県
15201150,新潟市北区太郎代４７２番地,新潟県
15201220,新潟市東区山木戸１丁目１番２０号,新潟県
15201270,新潟市北区松浜５丁目１２番２号,新潟県
15201322,新潟市中央区学校町通１番町６０２番地１,新潟県
15201410,新潟市西区坂井東１丁目２番１号,新潟県
15201420,新潟市北区朝日町４丁目１番２号,新潟県
15201430,新潟市江南区亀田緑町１丁目２番８号,新潟県
15201560,新潟市中央区中央区長嶺町１１０番１,新潟県
15201570,新潟市南区白根１４０７番地,新潟県
15202080,長岡市幸町２－７－７０,新潟県
15202510,長岡市城岡２－９３８－３,新潟県
15205060,柏崎市三和町5-55,新潟県
15206050,新発田市中央町５－８２１,新潟県
15207020,新潟市秋葉区新栄町４番１号,新潟県
15212010,村上市塩町５１３９番１,新潟県
15213010,燕市白山町2丁目7番27号,新潟県
15216010,糸魚川市横町３丁目２５７－７,新潟県
15217050,妙高市大崎町３５４,新潟県
15222190,上越市大字三橋８４０,新潟県
15224010,佐渡市畑野甲５１－１,新潟県
15224950,佐渡市関204,新潟県
15307080,北蒲原郡聖籠町大字藤寄字権現堂２８００－８,新潟県
15310010,胎内市東本町１６－５７,新潟県
15463010,南魚沼市六日町620-2,新潟県
15543010,上越市大字黒井字馬ノ口３９－３地先,新潟県
16201021,富山市安野屋町１－１－４２,富山県
16201110,富山市水橋畠等２９８－１１,富山県
16201140,富山市赤田５０－１,富山県
16201400,富山市蓮町４－３－１０,富山県
16201510,富山市本丸１,富山県
16201520,富山市豊田町２－９３－１,富山県
16202060,高岡市伏木東一宮１－６,富山県
16202520,高岡市大坪町,富山県
16203030,射水市東明中町５－３,富山県
16204090,魚津市北鬼江１－１０７－１,富山県
16205180,氷見市窪１２４１,富山県
16206240,滑川市上島４７１,富山県
16207011,黒部市植木１１８,富山県
16208120,砺波市太田１４３９,富山県
16209100,小矢部市泉町６２４,富山県
16342060,下新川郡入善町入膳３９４５,富山県
16362010,富山市笹倉１２９,富山県
16381010,射水市中太閣山１７－１,富山県
16408060,南砺市柴田屋１５３,富山県
17201090,金沢市新保本１－１４９,石川県
17201110,金沢市小立野５－１１－１,石川県
17201290,金沢市長町１－１０－３５,石川県
17201300,金沢市西念３－４－２５,石川県
17201310,金沢市寺中町へ－６０,石川県
17201320,金沢市小坂町北９５,石川県
17201550,金沢市武蔵町１５－１,石川県
17201560,金沢市片町２－２－２０,石川県
17201650,金沢市山科1丁目地内,石川県
17202190,七尾市小島町二３３－４,石川県
17202200,七尾市石崎町香島１丁目９６,石川県
17202240,七尾市大田町赤崎,石川県
17203140,小松市園町ホ８２,石川県
17204010,輪島市三井町洲衛１０部１１番１,石川県
17205020,珠洲市野々江町シ部３２,石川県
17206010,加賀市大聖寺南町二２１,石川県
17207010,羽咋市旭町ユ２０,石川県
17208010,白山市馬場２－７,石川県
17208020,白山市山島台４ー８１,石川県
17321010,能美市浜町ワ７２－１,石川県
17342010,白山市湊町３－５,石川県
17344520,野々市市御経塚5丁目84番地,石川県
17361010,河北郡津幡町加賀爪ニ３,石川県
17365010,河北郡内灘町緑台１－２７２,石川県
17401010,七尾市田鶴浜町ニ１２０,石川県
17404010,鹿島郡中能登町井田イ-２７,石川県
17405010,七尾市能登島向田町馬付谷内３８,石川県
18201040,福井市豊島２丁目５番２６号,福井県
18201060,福井市石橋町３２字イノ上２５４－１,福井県
18201070,福井市河水町18-8,福井県
18201540,福井市下六条町１７字立原２番,福井県
18202020,敦賀市松栄町７番２８,福井県
18202190,敦賀市新和町２丁目３３番１号,福井県
18202530,敦賀市古田刈６６号１３０３番地,福井県
18203010,越前市平出１丁目６番１号,福井県
18203100,越前市上真柄町４４－６,福井県
18203110,越前市家久町１０５－１３,福井県
18204010,小浜市千種１－６－１３,福井県
18205010,大野市水落町７－２１,福井県
18207010,鯖江市水落町４丁目１３番２３号,福井県
18207050,鯖江市御幸町３丁目,福井県
18207080,鯖江市定次町４２番地,福井県
18207520,鯖江市水落町２丁目３０－１,福井県
18361010,坂井市山岸３１字１番地,福井県
18363010,あわら市市姫２丁目２－１０,福井県
18363020,あわら市中川１８号１０番,福井県
18366010,坂井市上新庄２８番２１,福井県
18381010,越前市定友２１－５－１,福井県
18441010,三方上中郡若狭町中央１－２,福井県
19201011,甲府市丸の内１－１８－１,山梨県
19201030,甲府市宝2-8-19,山梨県
19201510,甲府市国母６－５－１,山梨県
19202030,富士吉田市上吉田１丁目２－５,山梨県
19204010,都留市田原二丁目１２０４,山梨県
19205020,甲州市塩山上塩後１２３９－１,山梨県
19206010,大月市大月町花咲１６０８－３,山梨県
19207030,韮崎市本町４丁目２－４,山梨県
19321030,笛吹市石和町上平井1047-1,山梨県
19366010,南巨摩郡南部町南部9103-3,山梨県
19390030,南アルプス市鏡中條１６４２－２,山梨県
19441030,上野原市上野原３８３２,山梨県
20201030,長野市安茂里米村１９７８,長野県
20201070,長野市吉田１丁目２－４０,長野県
20201110,長野市篠ノ井会７１６,長野県
20201150,長野市豊野町豊野８１４,長野県
20201510,長野市小島田町８０５－１１,長野県
20202050,松本市島立１０２０,長野県
20202060,松本市出川１丁目１３,長野県
20202510,松本市渚３丁目４５－４,長野県
20203010,上田市材木町１－２－６,長野県
20204510,岡谷市今井１６６０－３,長野県
20205010,飯田市追手町２－６７８,長野県
20206010,諏訪市上川１－１６４４－１０,長野県
20207010,須坂市須坂山崎８１２－２,長野県
20208020,小諸市与良町6-5-5,長野県
20209010,伊那市荒井３４９７,長野県
20211010,中野市中央１－４－１９,長野県
20212160,大町市大町１０５８－２,長野県
20216510,千曲市粟佐１０６４－４,長野県
20217020,佐久市跡部６５－１,長野県
20421030,木曽郡木曽町福島2757-1,長野県
20485950,北安曇郡白馬村北城4488-227,長野県
21201010,岐阜市八ツ寺町1-7,岐阜県
21201020,岐阜市茜部菱野２－１１５～１１８,岐阜県
21201030,岐阜市福光東３－１９,岐阜県
21201520,岐阜市明徳町１１,岐阜県
21202010,大垣市綾野１－２７１９－１,岐阜県
21202020,大垣市西外側町２－４９,岐阜県
21202050,大垣市築捨町１－１５９－２,岐阜県
21202510,大垣市禾森町４－４９,岐阜県
21203010,高山市花岡町２－１８,岐阜県
21204020,多治見市上野町５丁目６８番地１,岐阜県
21205360,関市西本郷通４丁目２番９号,岐阜県
21206010,中津川市かやの木町２－１,岐阜県
21208010,瑞浪市上平町１－２９,岐阜県
21209020,羽島市竹鼻町８６,岐阜県
21210501,恵那市長島町正家後田１０６７－７１,岐阜県
21211010,美濃加茂市新池町３－４－１,岐阜県
21212510,土岐市泉池ノ上町２－３,岐阜県
21213020,各務原市蘇原中央町２－１－２,岐阜県
21214510,可児市今渡１６８０,岐阜県
21215950,山県市長滝釜ヶ谷27-7-3,岐阜県
21218010,本巣市下真桑1000,岐阜県
21220010,下呂市萩原町羽根２６０５－１,岐阜県
21221010,海津市南濃町吉田487,岐阜県
21401010,揖斐郡揖斐川町上南方字森本,岐阜県
21541010,多治見市１１９４番地の１,岐阜県
22102010,静岡市駿河区宮竹2-11-1,静岡県
22103010,静岡市清水区草薙3-9-20,静岡県
22132540,浜松市東区安新町１８１－２,静岡県
22135010,浜松市北区三ヶ日町三ヶ日500番地の1,静岡県
22137010,浜松市天竜区二俣町二俣481番地,静岡県
22201030,静岡市葵区沓谷５丁目４７－１,静岡県
22201060,静岡市駿河区みずほ３丁目９－１,静岡県
22201090,静岡市葵区羽鳥6-9-1,静岡県
22201500,静岡市葵区常磐町３丁目１－１,静岡県
22201530,静岡市葵区丸子5491-2,静岡県
22202040,浜松市中区鴨江２－１７－１,静岡県
22202080,浜松市西区神ヶ谷町３４９０,静岡県
22202120,浜松市東区大瀬町2218,静岡県
22202150,浜松市南区芳川町８０,静岡県
22202160,浜松市中区高丘東３－５１－１,静岡県
22202520,浜松市中区伝馬町３１１－１４,静岡県
22202530,浜松市中区相生町２３－２,静岡県
22203010,沼津市高島本町１－３,静岡県
22204010,静岡市清水区旭町６－８,静岡県
22204020,静岡市清水区三保１０６９－１,静岡県
22204090,静岡市清水区庵原２４５,静岡県
22204100,静岡市清水区興津中町１２８８,静岡県
22204510,静岡市清水区庵原町９７－２,静岡県
22205010,熱海市水口町１３－１５,静岡県
22206010,三島市北田町４－４７,静岡県
22206510,三島市南田町２８８－１,静岡県
22207010,富士宮市弓沢町１５０,静岡県
22208020,伊東市大原２丁目１番１号,静岡県
22209010,島田市中央町１－１,静岡県
22210010,富士市津田 216-4,静岡県
22210020,富士市比奈２１２６,静岡県
22210030,富士市広見本町１－１,静岡県
22210040,富士市鈴川中町２８－１,静岡県
22210050,富士市久沢２－３－１,静岡県
22210060,富士市大渕２９２０,静岡県
22210070,富士市中島３２０－１,静岡県
22210160,富士市西船津２２０,静岡県
22210170,富士市南松野１４７６,静岡県
22210510,富士市蓼原２８－１１地先,静岡県
22210520,富士市宮島１４２５－３地先,静岡県
22211010,磐田市国府台６－１,静岡県
22212010,焼津市焼津２丁目１０－２８,静岡県
22213010,掛川市長谷1-1-１,静岡県
22213510,掛川市下西郷１１２番地地先,静岡県
22214010,藤枝市高柳２－３６１－３,静岡県
22214510,藤枝市郡９７０,静岡県
22215010,御殿場市萩原４８３,静岡県
22216010,袋井市新屋一丁目１番地の１,静岡県
22218010,浜松市浜北区横須賀８００,静岡県
22219010,下田市東本郷１丁目５－１８,静岡県
22220010,裾野市石脇字佐野堰５５７番１,静岡県
22221010,湖西市吉美３２６８,静岡県
22327010,伊豆の国市田京山崎７４０－５,静岡県
22381010,富士市岩渕８５５－３,静岡県
22382010,静岡市清水区清水区蒲原新田2-2319-1,静岡県
22402010,焼津市宗高428,静岡県
22423010,牧之原市静波４４７－１,静岡県
22447010,掛川市三俣６２０,静岡県
22522010,浜松市北区引佐町井伊谷616-5,静岡県
23101010,名古屋市千種区鹿子殿２１－１,愛知県
23103011,名古屋市北区田幡２－４－５,愛知県
23103020,名古屋市北区福徳町広瀬島３５０－４,愛知県
23104510,名古屋市西区新福寺町２－１－２,愛知県
23105050,名古屋市中村区名楽町４－７－１８,愛知県
23106018,名古屋市中区大須２丁目４０４番地先,愛知県
23107020,名古屋市昭和区滝川町１３１,愛知県
23109520,名古屋市熱田区旗屋一丁目10-45,愛知県
23110040,名古屋市中川区元中野町２－１１,愛知県
23110050,名古屋市中川区春田３－２１５,愛知県
23111010,名古屋市港区惟信町２－２６２,愛知県
23111021,名古屋市港区港陽１－１－６５,愛知県
23112020,名古屋市南区松下町２－１,愛知県
23112060,名古屋市南区汐田町１３０４,愛知県
23112510,名古屋市南区元塩町２,愛知県
23113010,名古屋市守山区小幡１－３－１,愛知県
23114010,名古屋市緑区大高町字町屋川１,愛知県
23116010,名古屋市天白区島田２－２０１,愛知県
23201030,豊橋市大崎町字柿ノ木１６,愛知県
23201040,豊橋市石巻町字西浦１６,愛知県
23201060,豊橋市野依町字諏訪149-1,愛知県
23201170,豊橋市大岩町字東郷内１１１－１,愛知県
23201540,豊橋市今橋町１,愛知県
23202030,岡崎市樫山町字山ノ神21-31,愛知県
23202040,岡崎市庄司田１丁目１７,愛知県
23202510,岡崎市大平町二の沢６７,愛知県
23202550,岡崎市矢作町字馬乗１１０－１,愛知県
23202560,岡崎市鴨田町字広元３０６,愛知県
23203010,一宮市松降通７－２７－５,愛知県
23203510,一宮市平島２－１－１２,愛知県
23204510,瀬戸市陶原町５－６０,愛知県
23205050,半田市東洋町１－３－６,愛知県
23206270,春日井市朝宮町４丁目１－２,愛知県
23206530,春日井市若草通2丁目１－１,愛知県
23207010,豊川市金屋西町３－１１,愛知県
23207510,豊川市桜町１丁目３－１０９,愛知県
23208530,津島市埋田町２－１２３－１,愛知県
23209080,碧南市川口町１－１６９,愛知県
23209510,碧南市源氏神明町１,愛知県
23210040,刈谷市寿町1-409,愛知県
23211020,豊田市竹元町南細畔３,愛知県
23211040,豊田市三軒町６－２３－５,愛知県
23211050,豊田市加納町西股７５,愛知県
23211060,豊田市宝来町４－７５８－１０,愛知県
23211530,豊田市花園町新田42-7,愛知県
23212030,安城市池浦町茶筅木１,愛知県
23213010,西尾市八ツ面町蔵屋敷９９,愛知県
23214010,蒲郡市御幸町３３５０－１,愛知県
23215010,犬山市大字五郎丸字下前田１,愛知県
23216110,常滑市新開町６－３－２,愛知県
23217010,江南市古知野町花霞７４,愛知県
23218010,一宮市小信中島字川南１２－３,愛知県
23219010,小牧市小牧１丁目３２１,愛知県
23220510,稲沢市稲府町1,愛知県
23221010,新城市平井字新栄８３,愛知県
23222010,東海市名和町南之山１０－１３,愛知県
23222020,東海市高横須賀町大塚３６,愛知県
23223010,大府市桃山町５－４４,愛知県
23224030,知多市大草字北ノ田８１,愛知県
23225040,知立市広見３－１,愛知県
23226010,尾張旭市東大道町山の内２４１９－５,愛知県
23227010,高浜市青木町６－１－１５,愛知県
23228010,岩倉市中本町字出口白山１－４,愛知県
23229010,豊明市西川町横井４－１５,愛知県
23230510,日進市浅田町西田面47-1,愛知県
23233510,清須市阿原九丁田１９２－１,愛知県
23302010,愛知郡東郷町春木字申下１３３５－１,愛知県
23303020,日進市五色園２－２７１６,愛知県
23304010,長久手市岩作権代30-3,愛知県
23342010,西春日井郡豊山町大字豊場字城屋敷１１７,愛知県
23342510,西春日井郡豊山町大字豊場字栄８０,愛知県
23381010,一宮市木曽川町黒田字北宿二ノ切２４７－１,愛知県
23421010,あま市七宝町伊福河原２８,愛知県
23422510,あま市篠田稲荷７６,愛知県
23425510,海部郡蟹江町八幡２丁目13,愛知県
23427510,海部郡飛島村飛島新田字竹之郷５,愛知県
23428010,弥富市前ヶ須町南本田３７９－１と３７９－３,愛知県
23441010,知多郡阿久比町大字卯坂字半田ヶ峰１,愛知県
23442010,知多郡東浦町大字緒川字政所２０,愛知県
23446020,知多郡美浜町大字奥田字儀路６７－１,愛知県
23447010,知多郡武豊町字長尾山１９,愛知県
23481010,西尾市一色町前野新田３４番地,愛知県
23501010,額田郡幸田町大字大草字三ツ石１８,愛知県
23604010,豊川市御津町御馬加美15,愛知県
23621071,田原市浦町西側85-1,愛知県
23623020,田原市古田町岡ノ越6-4,愛知県
24201020,津市白山町二本木3769-1,三重県
24201030,津市河辺町字長2210-5,三重県
24202010,四日市市磯津町旧海岸堤塘敷,三重県
24202030,四日市市海山道町１－１５３２－１,三重県
24202050,四日市市大字茂福字横座６６８－１,三重県
24202060,四日市市尾平町字永代寺,三重県
24202510,四日市市蔵町４－１７,三重県
24202530,四日市市富田二丁目４－１５,三重県
24202540,四日市市伊坂町字上ノ山,三重県
24203010,伊勢市一之木5-5-3,三重県
24204010,松阪市久保町２７６,三重県
24204510,松阪市中道町３４５,三重県
24205010,桑名市桑名市大字上野字笠松,三重県
24205510,桑名市繁松新田字宮之割42番地の1,三重県
24206020,伊賀市緑ヶ丘本町４１５３,三重県
24206030,伊賀市下柘植725,三重県
24207020,鈴鹿市算所５丁目１７－１,三重県
24207510,鈴鹿市白子駅前6-33,三重県
24208010,名張市丸の内５５,三重県
24209210,尾鷲市宮ノ上町７－３４,三重県
24210010,亀山市天神３－２－２３,三重県
24210510,亀山市太岡寺町1310,三重県
24211010,鳥羽市鳥羽市安楽島町1459,三重県
24212010,熊野市井戸町４８７７－１,三重県
24213010,津市久居野村町５６０,三重県
24215010,志摩市阿児町鵜方３１５３－１,三重県
24323010,いなべ市石槫東2977,三重県
24341810,三重郡菰野町大字菰野字御在所岳一の谷８５０３－１,三重県
24342010,四日市市北五味塚２０６０,三重県
24344020,三重郡川越町大字高松２５８,三重県
24442010,多気郡明和町明星1553,三重県
25201060,大津市下阪本４－１５－１２,滋賀県
25201070,大津市稲葉台２８番地先,滋賀県
25201080,大津市本堅田３－２５－２６,滋賀県
25201090,大津市由美浜１－１,滋賀県
25201510,大津市音羽台６ー１,滋賀県
25201540,大津市石山寺３－１１－２０,滋賀県
25201570,大津市上田上牧町字恋ノ山７６０－２,滋賀県
25202090,彦根市西今町800,滋賀県
25203030,長浜市分木町８－５,滋賀県
25204050,近江八幡市中村町２５,滋賀県
25205030,東近江市春日町１－１５,滋賀県
25206030,草津市草津町１８３９,滋賀県
25206510,草津市草津３丁目１４－７５,滋賀県
25207010,守山市守山五丁目１３０－５,滋賀県
25209010,甲賀市水口町水口６２００,滋賀県
25212010,高島市今津町南新保地先,滋賀県
26101010,京都市北区紫野花ノ坊町２３,京都府
26102510,京都市上京区烏丸通り上立売上ル相国寺門前町６４７の２,京都府
26103010,京都市左京区松ヶ崎堂ノ上町７番地の２,京都府
26104010,京都市中京区寺町通り御池上ル上本能寺前町４８８,京都府
26104060,京都市中京区壬生東高田町１－２１,京都府
26104510,京都市中京区錦大宮町１１７,京都府
26104520,京都市中京区西ノ京中保町１の４,京都府
26107510,京都市南区西九条南田町１の３,京都府
26109010,京都市伏見区村上町３９５,京都府
26109020,京都市伏見区久我東町６０の２,京都府
26109030,京都市伏見区醍醐鍵尾町１７,京都府
26110010,京都市山科区御陵四丁野町１,京都府
26110510,京都市山科区椥辻池尻町１４の２,京都府
26111010,京都市西京区樫原三宅町２４,京都府
26201040,福知山市岡ノ町１７５－３,京都府
26202030,舞鶴市溝尻１２００番地,京都府
26203010,綾部市宮代町土代３６,京都府
26204010,宇治市宇治若森７番地の６,京都府
26205020,宮津市吉原２５８６番地の２,京都府
26206010,亀岡市余部町五反田２７－１,京都府
26207030,城陽市寺田宮ノ平１番地,京都府
26208020,向日市森本町天神森４番地の８,京都府
26210510,八幡市戸津堂田地内,京都府
26212010,京丹後市峰山町丹波８５５,京都府
26213010,南丹市園部町黒田１－４,京都府
26303020,乙訓郡大山崎町円明寺松田１５番地,京都府
26303510,乙訓郡大山崎町小字茶屋地先,京都府
26322020,久世郡久御山町坊ノ池高河原５番地,京都府
26342020,京田辺市田辺明田１番地,京都府
26343010,綴喜郡井手町井手野神３８番地,京都府
26362020,木津川市木津上戸１８番地,京都府
26366030,相楽郡精華町光台1丁目7,京都府
26367010,相楽郡南山城村北大河原中谷１２－５２,京都府
27101510,大阪市北区西天満２－７－９,大阪府
27103510,大阪市福島区海老江８－１－１０,大阪府
27104010,大阪市此花区春日出北１－８－４,大阪府
27104030,大阪市此花区島屋2-9-36,大阪府
27106010,大阪市西区九条南２-１３-１７,大阪府
27108010,大阪市大正区平尾２－２１－２８,大阪府
27113510,大阪市西淀川区出来島２－２－２４,大阪府
27115010,大阪市中央区大手前４－１－６７,大阪府
27115510,大阪市東成区大今里西３－３－１１,大阪府
27116010,大阪市生野区勝山北３－１３－４４,大阪府
27117010,大阪市旭区中宮４－７－１１,大阪府
27117510,大阪市旭区新森６－３－１３,大阪府
27118020,大阪市城東区新喜多２－４－３５,大阪府
27120510,大阪市住吉区我孫子東１－４－３２,大阪府
27121510,大阪市東住吉区杭全２－１３－６先,大阪府
27122010,大阪市西成区花園北１－８－３２,大阪府
27123010,大阪市淀川区野中北１－１１－２６,大阪府
27124010,大阪市鶴見区浜３－８－６６,大阪府
27125010,大阪市住之江区御崎5-7-18,大阪府
27125030,大阪市住之江区南港東８－５,大阪府
27125510,大阪市住之江区粉浜1－5－40,大阪府
27125520,大阪市住之江区南加賀屋１－１－８０先,大阪府
27126010,大阪市平野区平野西３－４－７,大阪府
27143510,堺市東区石原町１－２０－１,大阪府
27146010,堺市北区金岡町１１８２－１,大阪府
27147010,堺市美原区小平尾３９０番地,大阪府
27201020,堺市堺区少林寺町東４－１－１,大阪府
27201030,堺市西区浜寺船尾町西５－６０,大阪府
27201050,堺市西区浜寺石津町中２－３－２８,大阪府
27201080,堺市堺区三宝町５－２８６,大阪府
27201090,堺市南区若松台３－３４－１,大阪府
27201100,堺市東区大美野１３５,大阪府
27201340,堺市中区深井水池町３２１４,大阪府
27201510,堺市堺区南瓦町３－１,大阪府
27201560,堺市西区石津西町２４－４,大阪府
27201570,堺市北区新金岡町４－１－９,大阪府
27201580,堺市中区深井東町２６６１－３,大阪府
27201600,堺市美原区丹上３２９－１,大阪府
27202060,岸和田市西之内町２７９－２,大阪府
27202530,岸和田市春木大国町８－２０,大阪府
27203030,豊中市三和町三丁目三番,大阪府
27203510,豊中市中桜塚３－１－１,大阪府
27203520,豊中市新千里西町1-1-3,大阪府
27204030,池田市畑１－７－４,大阪府
27205060,吹田市垂水町３－３２－５０,大阪府
27205080,吹田市藤白台１－１－５０,大阪府
27205090,吹田市高野台４－５－１,大阪府
27205530,吹田市寿町１－５－５,大阪府
27206030,泉大津市東雲町９－１２,大阪府
27207020,高槻市大蔵司2-51-2,大阪府
27207030,高槻市南庄所町3,大阪府
27207040,高槻市梶原１－５,大阪府
27207510,高槻市桃園町２－１,大阪府
27208010,貝塚市鳥羽１２２－１,大阪府
27209010,守口市文園町８－８,大阪府
27209510,守口市京阪本通２－６２,大阪府
27210010,枚方市大垣内町２－１－２０,大阪府
27210020,枚方市王仁公園１,大阪府
27210030,枚方市楠葉並木２－２９－３,大阪府
27210510,枚方市招提南町３－１０２２－１,大阪府
27210520,枚方市南中振３－２９４－８,大阪府
27211010,茨木市駅前３－８－１３,大阪府
27212010,八尾市清水町１－２－５,大阪府
27212030,八尾市水越３－７０,大阪府
27212510,八尾市南太子堂２－４－７,大阪府
27212520,八尾市西久宝寺６５１,大阪府
27213050,泉佐野市羽倉崎４－３－１２,大阪府
27213510,泉佐野市新安松１－１－２４,大阪府
27214020,富田林市常盤町１－１,大阪府
27215010,寝屋川市本町１－１,大阪府
27215020,寝屋川市成田町３－６,大阪府
27216010,河内長野市三日市町２８８－１,大阪府
27216520,河内長野市西之山町２－２１,大阪府
27217510,松原市阿保１－１６－３,大阪府
27218010,大東市谷川１－１－１,大阪府
27219040,和泉市緑ケ丘３－４－１,大阪府
27221010,柏原市大字高井田８０９－１,大阪府
27224510,摂津市三島１－２－１,大阪府
27225010,高石市東羽衣６－６－４５,大阪府
27225510,高石市西取石６－１１－１,大阪府
27226030,藤井寺市岡１－１－１,大阪府
27227020,東大阪市南四条町３－３３,大阪府
27227030,東大阪市西岩田３－３－２,大阪府
27227040,東大阪市高井田元町２－８－２７,大阪府
27228010,泉南市樽井１－１－１,大阪府
27229510,四條畷市江瀬美町１２－１１,大阪府
27301010,三島郡島本町桜井２－１－１,大阪府
27321010,豊能郡豊能町余野４１４番地の１,大阪府
27367010,阪南市舞４－６－１４,大阪府
28101010,神戸市東灘区住吉東町５丁目,兵庫県
28101030,神戸市東灘区向洋町中６丁目,兵庫県
28101040,神戸市東灘区住吉南町1丁目,兵庫県
28101520,神戸市東灘区魚崎南町６丁目１０,兵庫県
28102010,神戸市灘区神ノ木通３丁目,兵庫県
28102040,神戸市灘区新在家南町５丁目,兵庫県
28103010,神戸市中央区熊内町１丁目,兵庫県
28105010,神戸市兵庫区御崎町１丁目,兵庫県
28106010,神戸市長田区北町３丁目,兵庫県
28107010,神戸市須磨区行幸町３丁目,兵庫県
28107020,神戸市須磨区白川台５丁目,兵庫県
28107510,神戸市須磨区中島町１丁目,兵庫県
28108010,神戸市垂水区大町２丁目,兵庫県
28108020,神戸市西区平野町繁田,兵庫県
28108510,神戸市垂水区平磯１丁目,兵庫県
28109010,神戸市北区南五葉3-1-1,兵庫県
28109520,神戸市北区八多町中,兵庫県
28110010,神戸市中央区港島中町８丁目,兵庫県
28110510,神戸市中央区小野柄通２丁目１番１９号（中央消防署）,兵庫県
28111010,神戸市西区桜が丘東町５丁目,兵庫県
28111510,神戸市西区曙町１０７０,兵庫県
28201020,姫路市広畑区正門通１丁目７番地の３,兵庫県
28201030,姫路市飾磨区玉地１丁目２７番地,兵庫県
28201040,姫路市白浜町甲３９６－８,兵庫県
28201050,姫路市御国野町御着１１４２の２,兵庫県
28201060,姫路市網干区垣内中町１２０,兵庫県
28201070,姫路市飾西７２８の５,兵庫県
28201090,姫路市林田町林田１５,兵庫県
28201380,姫路市八代７７９番地の１７,兵庫県
28201390,姫路市香寺町中屋１４,兵庫県
28201520,姫路市小姓町３５の３,兵庫県
28201530,姫路市飾磨区細江４４４,兵庫県
28202010,尼崎市栗山町２丁目６番１号,兵庫県
28202020,尼崎市東難波町4丁目9-12,兵庫県
28202030,尼崎市北城内４７の１,兵庫県
28202520,尼崎市武庫川町1丁目25,兵庫県
28202530,尼崎市武庫荘８－３１－１,兵庫県
28202540,尼崎市南塚口町７の１７,兵庫県
28202550,尼崎市東塚口町２の２,兵庫県
28202560,尼崎市大庄北５丁目２の１地先,兵庫県
28202570,尼崎市東園田町４－７９,兵庫県
28202580,尼崎市東本町４丁目４７番地先,兵庫県
28203020,明石市二見町東二見４５７の１,兵庫県
28203030,明石市大久保町大窪６１２の１,兵庫県
28203060,明石市王子２丁目１２の６,兵庫県
28203510,明石市林崎町１丁目８の１０,兵庫県
28203530,明石市小久保１丁目５の５,兵庫県
28204010,西宮市六湛寺町１０番３号,兵庫県
28204020,西宮市鳴尾町３丁目５番１４号,兵庫県
28204030,西宮市瓦林町８番１号,兵庫県
28204130,西宮市上甲東園２丁目１１番２０号,兵庫県
28204140,西宮市山口町下山口４丁目２３番１号,兵庫県
28204150,西宮市浜甲子園２丁目１６番２３号,兵庫県
28204510,西宮市六湛寺町１０番３号,兵庫県
28204520,西宮市津門川町６番２０号,兵庫県
28204530,西宮市河原町１番３１号,兵庫県
28204560,西宮市甲子園７番町１５番７号,兵庫県
28204570,西宮市名塩新町１番地,兵庫県
28205010,洲本市本町３丁目４の１０,兵庫県
28206090,芦屋市朝日ヶ丘町１０番１０号,兵庫県
28206510,芦屋市打出町２番１３号,兵庫県
28207030,伊丹市千僧１丁目１番地,兵庫県
28208010,相生市旭１丁目１番３号,兵庫県
28208510,相生市池ノ内家の下５４６－７,兵庫県
28209010,豊岡市中央町２－４,兵庫県
28209510,豊岡市城南町３,兵庫県
28210010,加古川市野口町良野１５６８番地,兵庫県
28210020,加古川市尾上町長田５１９,兵庫県
28210030,加古川市別府町西町１,兵庫県
28210050,加古川市東神吉長神吉1590ー１,兵庫県
28210180,加古川市志方町志方町1758-3,兵庫県
28210190,加古川市平荘町山角266,兵庫県
28210520,加古川市平岡町新在家１８０１－１,兵庫県
28210530,加古川市加古川町備後３３２－１,兵庫県
28211010,たつの市龍野町富永１００５の１,兵庫県
28212010,赤穂市加里屋８１番地,兵庫県
28213010,西脇市西脇市郷瀬町６０５,兵庫県
28214010,宝塚市宝塚市高司2-3-1,兵庫県
28214510,宝塚市栄町１丁目１６番２号,兵庫県
28216010,高砂市荒井町千鳥１丁目１番１号,兵庫県
28216520,高砂市中島２丁目３５９－１,兵庫県
28217010,川西市中央町１２番１号,兵庫県
28217520,川西市加茂５丁目６３－１,兵庫県
28217530,川西市清流台16番2号,兵庫県
28218510,小野市上本町２５０番地,兵庫県
28219010,三田市三輪２丁目１－１,兵庫県
28381010,加古郡稲美町国岡１－１,兵庫県
28382010,加古郡播磨町東本荘１－５－３０,兵庫県
28464010,揖保郡太子町鵤280－１,兵庫県
28641010,丹波市柏原町柏原６８８,兵庫県
29201020,奈良市百楽園４－１－１,奈良県
29201030,奈良市朱雀６－１０－１,奈良県
29201060,奈良市紀寺町７８５,奈良県
29201530,奈良市柏木町519-17,奈良県
29202010,大和高田市大中９８－４,奈良県
29204010,天理市丹波市町１８０番地,奈良県
29206010,桜井市粟殿１０００,奈良県
29208010,御所市御所６０５－１０,奈良県
29209010,生駒市山崎町４－１０,奈良県
29363010,磯城郡田原本町宮古４０４－７,奈良県
29425010,北葛城郡王寺町王寺１丁目４２２７－３,奈良県
29451010,吉野郡上北山村小橡根返948－1,奈良県
30201020,和歌山市松江東３丁目２－６７,和歌山県
30201030,和歌山市島橋北ノ丁１－２２,和歌山県
30201040,和歌山市中之島１４９１,和歌山県
30201050,和歌山市砂山南３－３－４５,和歌山県
30201070,和歌山市松江北５丁目１２９５番地４６,和歌山県
30201080,和歌山市湊２丁目１７－４０,和歌山県
30201110,和歌山市紀三井寺８３２－１,和歌山県
30201130,和歌山市新庄３４８,和歌山県
30201250,和歌山市西庄１０９５,和歌山県
30201270,和歌山市六十谷４５,和歌山県
30201280,和歌山市小雑賀２－２－８,和歌山県
30201300,和歌山市北中島1丁目7-4,和歌山県
30201520,和歌山市木広町４丁目２３,和歌山県
30202020,海南市鳥居１９０,和歌山県
30202140,海南市日方１２６９,和歌山県
30202160,海南市船尾２３６－４,和歌山県
30202180,海南市野上中１６６－１,和歌山県
30203010,橋本市市脇４丁目５番８号,和歌山県
30204030,有田市初島町浜１３６８－３,和歌山県
30205010,御坊市薗字円津２５５－４,和歌山県
30206010,田辺市湊１６２９－６,和歌山県
30207010,新宮市神倉3-2-39,和歌山県
30301020,海南市下津町下津３０６６－１６,和歌山県
30301030,海南市下津町黒田１１２番地,和歌山県
30301050,海南市下津町小松原２９,和歌山県
30322010,紀の川市粉河１４７９,和歌山県
30361010,有田郡湯浅町湯浅１９８５,和歌山県
30384010,日高郡日高川町大字小熊,和歌山県
30390010,日高郡印南町印南原３１９９－１,和歌山県
30391010,日高郡みなべ町晩稲３６,和歌山県
31201020,鳥取市栄町５０２,鳥取県
31201040,鳥取市西町１丁目４０１,鳥取県
31202030,米子市博労町４－２２０,鳥取県
31202520,米子市加茂町１－１,鳥取県
31203020,倉吉市東巌城町２,鳥取県
31204010,境港市誠道町２２５－１,鳥取県
32201060,松江市西浜佐陀町５８２－１,島根県
32201520,松江市津田町３４３－４,島根県
32202040,浜田市片庭町２５４,島根県
32203040,出雲市塩冶町２２３－１,島根県
32204040,益田市昭和町１３－１,島根県
32204950,益田市高津町イ2340-3,島根県
32205010,大田市大田町大田若宮イ497-6,島根県
32206040,安来市安来町字八幡５８２－１,島根県
32207060,江津市江津町１５２５,島根県
32209010,雲南市木次町里方５３１－１,島根県
32528950,隠岐郡隠岐の島町北方福浦1700,島根県
33201040,岡山市中区江並４２８－７３,岡山県
33201060,岡山市南区南輝３－６－９,岡山県
33201120,岡山市東区西大寺上１－２０－６０,岡山県
33201130,岡山市北区南方１－３－６５,岡山県
33201160,岡山市中区長岡５８－２,岡山県
33201180,岡山市北区幸町１０－９,岡山県
33201190,岡山市南区中畦５８９－４,岡山県
33201210,岡山市北区東花尻２４１－１,岡山県
33201220,岡山市東区西大寺五明１８６,岡山県
33201250,岡山市北区御津宇垣１６２９,岡山県
33201540,岡山市東区西祖１の４及び１の５,岡山県
33202020,倉敷市水島北春日町１１－１１,岡山県
33202060,倉敷市松江３－１１－２６,岡山県
33202070,倉敷市呼松３－１－２４,岡山県
33202080,倉敷市児島宇野津１７５５－１,岡山県
33202090,倉敷市児島塩生１９５９－３,岡山県
33202100,倉敷市連島町鶴新田１７０５,岡山県
33202110,倉敷市美和１－１３－３３,岡山県
33202120,倉敷市西田２０１－１,岡山県
33202130,倉敷市藤戸町天城２２８５,岡山県
33202140,倉敷市茶屋町早沖１１０３－１,岡山県
33202170,倉敷市玉島阿賀崎３－３－１,岡山県
33202180,倉敷市児島小川１－１－１７,岡山県
33202400,倉敷市水島東千鳥町１－５０,岡山県
33202410,倉敷市福田町古新田５３３?１,岡山県
33202420,倉敷市上東１１１７－１,岡山県
33202520,倉敷市阿知１－６００－４,岡山県
33202530,倉敷市堀南６２１,岡山県
33202550,倉敷市西坂５３８,岡山県
33203020,津山市山北７４０,岡山県
33204010,玉野市明神町１－１,岡山県
33204020,玉野市向日比１－４－２５,岡山県
33204030,玉野市渋川１－４１０－１,岡山県
33204040,玉野市宇野１－３０５５－６,岡山県
33204050,玉野市日比２－６－５,岡山県
33204060,玉野市向日比２－２８２３－５番地の一部,岡山県
33204070,玉野市後閑１４９２－３,岡山県
33204090,玉野市用吉１６５５－６,岡山県
33205010,笠岡市神島１５５３,岡山県
33205020,笠岡市茂平２８０,岡山県
33205510,笠岡市大磯２７２－１１,岡山県
33207510,井原市井原町１１１３,岡山県
33208010,総社市中央２－４－１０３,岡山県
33209010,高梁市落合町近似２８６－１,岡山県
33210010,新見市金谷字出原６７１,岡山県
33211050,備前市東片上７０５－２,岡山県
33211060,備前市三石宿上３９３－３,岡山県
33211520,備前市伊部１４１５－２,岡山県
33213020,赤磐市釣井２０９－１,岡山県
33215010,美作市北山３８５－１,岡山県
33342010,備前市備前市日生町寒河3961-1,岡山県
33423010,都窪郡早島町前潟２４０,岡山県
33423510,都窪郡早島町大字早島３１０１－７,岡山県
33441010,倉敷市船穂町船穂2897,岡山県
33442010,浅口市金光町占見新田751,岡山県
33444010,浅口市寄島町7555-2,岡山県
33503010,倉敷市真備町箭田1769-1,岡山県
33584510,真庭市目木177-1,岡山県
33681010,加賀郡吉備中央町竹部２１６４－３,岡山県
34102020,広島市東区馬木９－１－２,広島県
34104510,広島市西区己斐本町３－１３,広島県
34105010,広島市安佐南区古市１－３３－１４,広島県
34105020,広島市安佐南区沼田町大字伴６１５３,広島県
34105510,広島市安佐南区古市２－２１－１,広島県
34201010,広島市西区三篠町１－９－２５,広島県
34201020,広島市南区皆実町１－１５－３２,広島県
34201250,広島市西区井口２－１３－１,広島県
34201260,広島市安佐北区可部４－９－１,広島県
34201510,広島市中区基町１１－１,広島県
34201520,広島市南区比治山本町１２,広島県
34202010,呉市伏原２丁目６－３８,広島県
34202020,呉市宮原４丁目８－１,広島県
34202040,呉市広駅前１丁目６－１,広島県
34202050,呉市警固屋１丁目１７２－１６,広島県
34202510,呉市西畑町３３地先,広島県
34203010,竹原市竹原町３４４４－１,広島県
34204150,三原市宮浦２丁目１－１,広島県
34204520,三原市宮沖町１１９－２,広島県
34205010,尾道市東久保町１２－１,広島県
34207020,福山市明治町４番１号,広島県
34207040,福山市春日町３丁目１５番１８号,広島県
34207060,福山市水呑向丘１０７番地,広島県
34207090,福山市曙町５丁目１６番３号,広島県
34207310,福山市駅家町法成寺６７番地,広島県
34207320,福山市広島県,広島県
34207510,福山市東桜町３番５号,広島県
34208050,府中市元町１－５,広島県
34209020,三次市十日市町１６８－１,広島県
34211200,大竹市油見３丁目１１４３,広島県
34212030,東広島市西条中央２丁目１５－１,広島県
34304010,安芸郡海田町つくも町１－６０,広島県
34322030,廿日市市桜尾本町,広島県
34369010,山県郡北広島町壬生,広島県
34408010,東広島市河内町入野５０４８－１,広島県
34427010,豊田郡大崎上島町中野２０７８,広島県
34501010,福山市神辺町大字川北１３５６－１,広島県
35201010,下関市小月茶屋町２丁目３－５,山口県
35201020,下関市長府亀の甲２丁目２－１,山口県
35201030,下関市彦島迫町５丁目１３－２１,山口県
35201040,下関市山の田本町８－１,山口県
35201250,下関市豊浦町大字小串９１番３,山口県
35202020,宇部市琴芝１丁目1-50,山口県
35202030,宇部市松山町５丁目9番地,山口県
35202360,宇部市厚南中央3丁目1－2,山口県
35203010,山口市大字朝田字蛭田５３５,山口県
35204010,萩市江向川添沖田５３１－１,山口県
35205010,周南市毛利町二丁目３８,山口県
35205030,周南市大字栗屋680,山口県
35205040,周南市周陽３丁目1-1,山口県
35205520,周南市大字徳山５８１１－７,山口県
35206010,防府市岡村町２－１,山口県
35206050,防府市大字浜方７４６－１,山口県
35207030,下松市大字東豊井１１３４,山口県
35207090,下松市大手町３丁目３－３,山口県
35208010,岩国市山手町1丁目7-60,山口県
35208030,岩国市尾津町１丁目１番１１号,山口県
35209010,山陽小野田市須恵１丁目２番,山口県
35209020,山陽小野田市大字小野田３９２３,山口県
35210020,光市花園町２丁目１番１号,山口県
35210040,光市大字光井６丁目１０－１,山口県
35211010,長門市東深川１８７５－１,山口県
35212010,柳井市南町１丁目１０番２号,山口県
35213010,美祢市伊佐１２０３４番地１,山口県
35213020,美祢市大嶺町向原２９９－１,山口県
35214010,周南市川崎３丁目３番６号,山口県
35214020,周南市宮の前２丁目,山口県
35321010,玖珂郡和木町大字和木２丁目１５番１号,山口県
36201010,徳島市川内町竹須賀１５１,徳島県
36201030,徳島市応神町吉成字西吉成９１－１,徳島県
36201080,徳島市新蔵町３丁目８０,徳島県
36201110,徳島市丈六町八万免１４,徳島県
36201510,徳島市新蔵町１丁目６７,徳島県
36202010,鳴門市撫養町立岩字七枚１２８,徳島県
36203010,小松島市堀川町１－２７,徳島県
36204010,阿南市領家町野神３１９,徳島県
36204020,阿南市大潟町２１０－２,徳島県
36204030,阿南市桑野町上張１５,徳島県
36204040,阿南市椿町浜１４,徳島県
36204050,阿南市下大野町渡り上り２５８,徳島県
36204060,阿南市宝田町中新開６８－１３,徳島県
36204070,阿南市橘町豊浜３６－１５,徳島県
36204080,阿南市福井町高田１１７－１５,徳島県
36205010,吉野川市鴨島町鴨島106-2,徳島県
36342010,名西郡神山町神領字西上角25-4,徳島県
36361010,阿南市那賀川町黒地７０３－３,徳島県
36362010,阿南市羽ノ浦町岩脇字中地１１２－１,徳島県
36363010,那賀郡那賀町和喰郷字南川１１９,徳島県
36381010,海部郡美波町西の地字魚呑３４－１,徳島県
36401010,板野郡松茂町住吉字住吉開拓１８７,徳島県
36402010,板野郡北島町鯛浜字向４３－４,徳島県
36403010,板野郡藍住町奥野字猪熊１７５－２,徳島県
36461010,美馬市脇町大字猪尻字建神社下南７３,徳島県
36483010,三好市池田町字マチ2551-1,徳島県
37201010,高松市福岡町１－４－４６,香川県
37201080,高松市国分寺町新居１７１０-１,香川県
37201090,高松市高松町1336-6,香川県
37201100,高松市香川町東上947-1,香川県
37201510,高松市栗林町１－６－２５,香川県
37201540,高松市番町１－１１－２２,香川県
37201550,高松市田村町３０３－１,香川県
37202010,丸亀市大手町２－３－１,香川県
37202030,丸亀市今津町３４８,香川県
37202070,丸亀市土器町東５－６９６,香川県
37203010,坂出市久米町１－１８－２０,香川県
37203020,坂出市瀬居町西浦１６８８－４,香川県
37203040,坂出市大屋富町２６２７－１,香川県
37203050,坂出市林田町６３６,香川県
37204010,善通寺市文京町２－１－１,香川県
37205010,観音寺市坂本町１－１－１,香川県
37206010,さぬき市津田町津田930番地2,香川県
37322010,小豆郡土庄町渕崎甲２０７９－５,香川県
37364010,香川郡直島町１１２２－１,香川県
37386010,綾歌郡宇多津町1881,香川県
38201020,松山市富久町２７３,愛媛県
38201030,松山市太山寺町１１０６－１,愛媛県
38201080,松山市北斎院町７１２,愛媛県
38201090,松山市西垣生町７４７,愛媛県
38201510,松山市本町６－６－１,愛媛県
38201530,松山市朝生田町７丁目８３９,愛媛県
38202100,今治市旭町1-4-9,愛媛県
38203010,宇和島市天神町7-1,愛媛県
38204010,八幡浜市北浜1-3-37,愛媛県
38205010,新居浜市久保田町１－甲６０５,愛媛県
38205060,新居浜市本郷３－１－１,愛媛県
38205080,新居浜市宇高町２－１３－７,愛媛県
38205090,新居浜市星原町７－８,愛媛県
38205100,新居浜市多喜浜１４２ー１５,愛媛県
38206050,西条市大町４４５－２,愛媛県
38208030,四国中央市上分町８００,愛媛県
38209030,四国中央市寒川町１８６０－２,愛媛県
38209050,四国中央市三島宮川４－６－５３,愛媛県
38212040,西条市壬生川１１６,愛媛県
38302020,四国中央市土居町入野１７８－１,愛媛県
38323010,西条市丹原町今井４－イ,愛媛県
38380010,上浮穴郡久万町菅生2番耕地280-38,愛媛県
38401010,伊予郡松前町大字北黒田119-2,愛媛県
38421010,大洲市長浜町今坊乙1874-3,愛媛県
39201350,高知市介良丙１０００－２,高知県
39201360,高知市南新田町５－６６,高知県
39201530,高知市若草南町523-3,高知県
39203010,安芸市西浜95-1,高知県
39204070,南国市稲生衣笠３０７５－２,高知県
39206020,須崎市下分甲391-2,高知県
39206080,須崎市押岡字山下,高知県
39210010,四万十市具同5179,高知県
39212010,香美市土佐山田町山田1128-1,高知県
39381030,吾川郡いの町１３８１,高知県
39405950,高岡郡檮原町太郎川3757-2,高知県
40101010,北九州市門司区大里原町１２－１２,福岡県
40101020,北九州市門司区大字畑,福岡県
40101510,北九州市門司区老松町３番地,福岡県
40103010,北九州市若松区本町三丁目１３－１,福岡県
40103120,北九州市若松区高須北1丁目1番,福岡県
40103130,北九州市若松区向洋町15-1,福岡県
40105010,北九州市戸畑区新池一丁目２－１,福岡県
40106010,北九州市小倉北区井堀二丁目７－１,福岡県
40106020,北九州市小倉北区大門一丁目６－４８,福岡県
40106510,北九州市小倉北区三萩野一丁目,福岡県
40107020,北九州市小倉南区下曽根四丁目２３－３８,福岡県
40107040,北九州市小倉南区企救丘二丁目１－１,福岡県
40108010,北九州市八幡東区中央一丁目２－４,福岡県
40108510,北九州市八幡東区西本町一丁目２０－２,福岡県
40109010,北九州市八幡西区筒井町１５－１,福岡県
40109030,北九州市八幡西区塔野一丁目３－１,福岡県
40109510,北九州市八幡西区黒崎三丁目,福岡県
40131010,福岡市東区筥松４－２１,福岡県
40131030,福岡市東区香住ヶ丘３－１０,福岡県
40132010,福岡市博多区吉塚６－８,福岡県
40132520,福岡市博多区東比恵１－３,福岡県
40132530,福岡市博多区千代５－１,福岡県
40133020,福岡市中央区春吉１－１７－３８,福岡県
40133510,福岡市中央区天神２－１２,福岡県
40134010,福岡市南区塩原１－２７,福岡県
40134510,福岡市南区大橋３－１８,福岡県
40135020,福岡市城南区長尾５－１－１,福岡県
40135060,福岡市西区田尻東１－１７－１,福岡県
40135510,福岡市早良区西新３－１－１,福岡県
40135520,福岡市城南区別府１－２２,福岡県
40135530,福岡市西区石丸２－２５,福岡県
40135540,福岡市西区今宿青木字草場１３７,福岡県
40137010,福岡市早良区祖原１５－７,福岡県
40202010,大牟田市有明町２－３,福岡県
40202050,大牟田市七浦町１５－１,福岡県
40202060,大牟田市新地町７,福岡県
40202080,大牟田市橘６６４－１,福岡県
40203060,久留米市諏訪野町１８３０ー６,福岡県
40203070,久留米市三潴町玉満2705,福岡県
40203100,久留米市城南町１１－４,福岡県
40203110,久留米市田主丸町田主丸６５－１,福岡県
40204010,直方市直方６６７－１２５,福岡県
40205010,飯塚市平恒1番地47,福岡県
40206010,田川市大字弓削田２８３８,福岡県
40210010,八女市立花町谷川1156番地,福岡県
40214010,豊前市大字吉木９５５,福岡県
40216010,小郡市大字井上字尾辺田４３４,福岡県
40220010,宗像市大字東郷１－２－１,福岡県
40221010,太宰府市大字向佐野字迎田３９,福岡県
40222010,前原市大字浦志２１６－１,福岡県
40223510,古賀市大字鹿部４０１－３,福岡県
40228010,朝倉市杷木池田483番地1,福岡県
40342010,糟屋郡篠栗町大字田中１番地１,福岡県
40563010,柳川市大字今古賀８－１,福岡県
40621010,京都郡苅田町富久町１丁目１９－１,福岡県
41201030,佐賀市高木町１５－３０,佐賀県
41201040,佐賀市三瀬村三瀬2970,佐賀県
41201540,佐賀市兵庫町大字西渕1960-4,佐賀県
41202060,唐津市竹木場５６１６－１,佐賀県
41202160,唐津市肥前町大字入野字音ノ元甲1684,佐賀県
41202200,唐津市二夕子　1-7-83,佐賀県
41203010,鳥栖市宿町７２１－３５,佐賀県
41203050,鳥栖市曽根崎町１４９８－３,佐賀県
41204010,多久市北多久町大字小侍４８－３,佐賀県
41205080,伊万里市大坪町２８６３－１,佐賀県
41205090,伊万里市山代町久原１６３７－４,佐賀県
41206010,武雄市武雄町大字昭和２７－６,佐賀県
41207010,鹿島市納富分２７４４－１,佐賀県
41209010,嬉野市嬉野町大字下宿乙1408番地,佐賀県
41210010,神埼市神埼町枝ヶ里349,佐賀県
41341010,基山町大字宮浦１０３７－１,佐賀県
41401020,西松浦郡有田町下山谷字佐後乙3563,佐賀県
41425010,杵島郡白石町大字福田2371番地,佐賀県
42201030,長崎市稲佐町１１－１,長崎県
42201280,長崎市小ケ倉町２－２１－２,長崎県
42201300,長崎市矢上町２４７－２,長崎県
42201510,長崎市大黒町３－１,長崎県
42201530,長崎市桜町６－３,長崎県
42201540,長崎市江戸町10-100,長崎県
42202020,佐世保市木宮町３－１０,長崎県
42202030,佐世保市田原町１３－２９,長崎県
42202140,佐世保市早岐１丁目６－３８,長崎県
42202160,佐世保市大塔町２３９４－９,長崎県
42202510,佐世保市日宇町５２２－１,長崎県
42202520,佐世保市福石町２０１－３,長崎県
42203010,島原市新田町３４７－９,長崎県
42204060,諌早市馬渡町13,長崎県
42205010,大村市西三城町１２,長崎県
42208040,松浦市志佐町浦免８１２－１,長崎県
42209010,対馬市厳原町宮谷224,長崎県
42209950,対馬市大字厳原北里大多羅（上見坂公園）,長崎県
42210010,壱岐市郷ノ浦町本村触505-5,長崎県
42211010,五島市福江町504-1,長崎県
42211950,五島市大宝郷字ヅンナン辻1148,長崎県
42213010,雲仙市小浜町北本町550,長崎県
42308040,西彼杵郡時津町野田郷２,長崎県
42309010,長崎市村松郷字南小島７０４－１３,長崎県
42314020,西海市大瀬戸町雪浦上郷字宮小路141-2,長崎県
42322060,東彼杵郡川棚町下組郷字開３０４－５,長崎県
42392020,佐世保市大渡免字大切１３６,長崎県
43201140,熊本市北区楡木3-9-1,熊本県
43201150,熊本市中央区京町本丁1-14,熊本県
43201160,熊本市北区植木町岩野238-1,熊本県
43201170,熊本市東区秋津3丁目1856,熊本県
43201180,熊本市西区中島町371-2,熊本県
43201190,熊本市南区城南町高482,熊本県
43201510,熊本市中央区水道町１３－２,熊本県
43201520,熊本市中央区神水本町９６７－１,熊本県
43202020,八代市鷹辻町,熊本県
43202030,八代市古閑上町１９７,熊本県
43202520,八代市宮地町,熊本県
43203011,人吉市西間下町８６－１,熊本県
43204200,荒尾市川登1868-12,熊本県
43205030,水俣市丸島町３－１８７,熊本県
43205160,水俣市八幡町３丁目２－７,熊本県
43206020,玉名市大字岩崎１００４－１,熊本県
43207010,天草市今釜新町３５３０,熊本県
43208010,山鹿市山鹿,熊本県
43210010,菊池市大字隈府字前田８７８番地１,熊本県
43211050,宇土市旭町３７５,熊本県
43212010,上天草市松島町合津4276-387,熊本県
43214011,阿蘇市一の宮町宮地２４０２,熊本県
43215010,天草市宮地岳町5518-1,熊本県
43215020,天草市新和町小宮地字荒新開5208-105,熊本県
43215030,天草市河浦町河浦796-4,熊本県
43215040,天草市天草町下田北1388-1,熊本県
43403010,菊池郡大津町引水１２３,熊本県
43443010,上益城郡益城町惣領１４７０,熊本県
43444010,上益城郡甲佐町岩下１５７番地１９,熊本県
43481010,葦北郡芦北町小田浦１５７２－１,熊本県
43530010,天草市大字井出３７６８－２,熊本県
43531010,天草郡苓北町志岐４６０,熊本県
43531020,天草郡苓北町坂瀬川字小崎2865,熊本県
43531030,天草郡苓北町都呂々字古里1211-1,熊本県
43531040,天草郡苓北町都呂々字陰平6118-2,熊本県
43532010,天草市字白鶴浜８９７－１５,熊本県
44201010,大分市敷戸北町１２番１号,大分県
44201050,大分市奥田７５４ー１,大分県
44201070,大分市三佐５丁目６番地８号,大分県
44201080,大分市横田１丁目１５番地５８号,大分県
44201090,大分市南２丁目９番７２号,大分県
44201100,大分市中戸次本町,大分県
44201130,大分市萩原１丁目１０番３０号,大分県
44201340,大分市佐野２６６２,大分県
44201350,大分市大字横瀬４１６番地,大分県
44201360,大分市大字横尾２６６０番地,大分県
44201370,大分市南春日町６番１号,大分県
44201510,大分市金池町２丁目の１,大分県
44201520,大分市大字宮崎字スカワ783-3他,大分県
44202020,別府市大字別府字野口原３０８８－１,大分県
44203070,中津市中央町１－５－１６,大分県
44204010,日田市城町１－１－１０,大分県
44205020,佐伯市長島町１丁目２番１号,大分県
44206010,臼杵市大字臼杵７２－１,大分県
44207010,津久見市宮本町２０－１５,大分県
44212010,豊後大野市三重町市場９３４番地２,大分県
44213010,由布市庄内町柿原337-2,大分県
44214010,国東市国東町鶴川1974,大分県
44341020,速見郡日出町鷹匠町２４５８－１,大分県
44381010,大分市大字関２１７８番地,大分県
45201040,宮崎市佐土原町下田島20660,宮崎県
45201050,宮崎市宮崎市祇園２丁目１３５,宮崎県
45201060,宮崎市田野町甲２８１８,宮崎県
45201520,宮崎市中村東３丁目２の２７,宮崎県
45201530,宮崎市大字浮田２７５１番地１４,宮崎県
45201540,宮崎市下北方町新地849番地,宮崎県
45202020,都城市吉尾町４７３番地の１,宮崎県
45202510,都城市姫城町６街区２１,宮崎県
45203020,延岡市桜ヶ丘３丁目７１２２,宮崎県
45203090,延岡市平原町２丁目６１８の２,宮崎県
45203100,延岡市大貫町１丁目２８４０,宮崎県
45203520,延岡市出北町２丁目１４６７－２,宮崎県
45204010,日南市大字戸高６５７,宮崎県
45204030,日南市園田町１６２,宮崎県
45205010,小林市小林市堤字金鳥居３０２０の１３,宮崎県
45206020,日向市大字日知屋１２１０５の１,宮崎県
45206030,日向市春原町１丁目４７,宮崎県
45206080,日向市大字日知屋片ヶ浜３３７９,宮崎県
45401010,児湯郡高鍋町大字北高鍋２０４,宮崎県
45403010,児湯郡西米良村西米良村大字村所,宮崎県
45441010,西臼杵郡高千穂町大字三田井１０８６－１,宮崎県
46201010,鹿児島市山下町11番1号,鹿児島
46201130,鹿児島市谷山中央四丁目４９２７番地,鹿児島
46201220,鹿児島市有村町12番地4,鹿児島
46201260,鹿児島市黒神町2554番地,鹿児島
46201270,鹿児島市城南町１８,鹿児島
46201520,鹿児島市鴨池二丁目31番15号,鹿児島
46202050,薩摩川内市隈之城町217－8,鹿児島
46202520,薩摩川内市御陵下町字八牟田2742番,鹿児島
46203010,鹿屋市新栄町６４９,鹿児島
46205010,いちき串木野市羽島５２１８,鹿児島
46208010,出水市昭和町18－18,鹿児島
46212010,霧島市国分中央五丁目８４２番地１,鹿児島
46220010,南さつま市加世田川畑２６４８,鹿児島
46225010,奄美市名瀬浦上町1－12,鹿児島
46302010,鹿児島市桜島藤野町１４３９,鹿児島
46302020,鹿児島市赤水１１９５－２,鹿児島
46321010,鹿児島市喜入町６２２７,鹿児島
46466010,志布志市志布志町志布志３２４０－１４,鹿児島
46482010,肝属郡東串良町新川西３６３２,鹿児島
47201140,那覇市与儀１－３－２１,沖縄県
47201580,那覇市牧志１－２－２４,沖縄県
47206020,宮古島市平良字東仲宗根４７６,沖縄県
47207020,石垣市字真栄里４３８,沖縄県
47208510,浦添市牧港５－６－５,沖縄県
47209080,名護市大中２－１３－１,沖縄県
47210060,糸満市西崎町３－１７９,沖縄県
47211050,沖縄市美原１－６－２８,沖縄県
47301950,国頭郡国頭村大字宜名真字長根原1000,沖縄県
47322010,うるま市与那城桃原２１９,沖縄県
47329010,中頭郡西原町字与那城１３５,沖縄県
,,
,,
,,
,,
,,
,,
,,
,,
,,
,,
,,
,,
,,
,,
